DAUID,address
59170137,"2636 Roseberry Ave, Victoria, BC V8R 3T7"
59170136,"2640 Cedar Hill Rd, Victoria, BC V8T 3H2"
59170157,"2576 Empire St, Victoria, BC V8T 3M6"
59170157,"2526 Wesley Pl, Victoria, BC V8T 1V2"
59170155,"2631 Blackwood St, Victoria, BC V8T 3W3"
59170154,"2840 Prior St, Victoria, BC V8T 3Y3"
59170174,"1337 Grant St, Victoria, BC V8R 1M2"
59170138,"2634 Belmont Ave, Victoria, BC V8R 4A6"
59170135,"2737 Avebury Ave, Victoria, BC V8R 3W5"
59170136,"2536 Garden St, Victoria, BC V8T 3G5"
59170138,"2544 Forbes St, Victoria, BC V8R 4B8"
59170372,"723 Belton Ave, Victoria, BC V9A 2Z7"
59170372,"637 Pine St, Victoria, BC V9A 2Z9"
59170371,"949 Hereward Rd, Victoria, BC V9A 4E1"
59170373,"639 Langford St, Victoria, BC V9A 3C8"
59170371,"831 Walker St, Victoria, BC V9A 4C3"
59170376,"442 William St, Victoria, BC V9A 3Y9"
59170373,"824 Russell St, Victoria, BC V9A 3X7"
59170375,"822 Catherine St, Victoria, BC V9A 3C2"
59170820,"231 Russell St, Victoria, BC V9A 3X1"
59170389,"2967 Irma St, Victoria, BC V9A 1S5"
59170389,"3064 Irma St, Victoria, BC V9A 1S6"
59170388,"3165 Balfour Ave, Victoria, BC V9A 1R9"
59170388,"3052 Albany St, Victoria, BC V9A 1R5"
59170387,"3134 Washington Ave, Victoria, BC V9A 1P7"
59170298,"425 Quebec St, Victoria, BC V8V 1W7"
59170312,"22 Simcoe St, Victoria, BC V8V 1K2"
59170312,"111 Niagara St, Victoria, BC V8V 1G1"
59170313,"130 Ladysmith St, Victoria, BC V8V 1J4"
59170310,"121 Michigan St, Victoria, BC V8V 1R2"
59170309,"242 Ontario St, Victoria, BC V8V 1N2"
59170311,"506 Pendray St, Victoria, BC V8V 0A9"
59170297,"427 Government St, Victoria, BC V8V 2L4"
59170272,"142 Beechwood Ave, Victoria, BC V8S 3W5"
59170203,"237 Wildwood Ave, Victoria, BC V8S 3W2"
59170204,"326 Irving Rd, Victoria, BC V8S 4A2"
59170203,"1737 Fairfield Rd, Victoria, BC V8S 1G6"
59170273,"339 Stannard Ave, Victoria, BC V8S 3M3"
59170275,"441 Stannard Ave, Victoria, BC V8S 3M6"
59170273,"1450 Hamley St, Victoria, BC V8S 1N1"
59170274,"1423 Fairfield Rd, Victoria, BC V8S 1E6"
59170274,"1331 Vimy Pl, Victoria, BC V8S 1C5"
59170291,"1236 Chapman St, Victoria, BC V8V 2T8"
59170291,"135 Howe St, Victoria, BC V8V 4K5"
59170293,"41 Wellington Ave, Victoria, BC V8V 4H5"
59170292,"45 Cambridge St, Victoria, BC V8V 4A7"
59170292,"127 Cambridge St, Victoria, BC V8V 4B1"
59170290,"1147 Oxford St, Victoria, BC V8V 2V2"
59170288,"354 Chester Ave, Victoria, BC V8V 4B6"
59170287,"419 Chester Ave, Victoria, BC V8V 4B9"
59170288,"1255 Oscar St, Victoria, BC V8V 2X6"
59170276,"614 Cornwall St, Victoria, BC V8V 4L1"
59170274,"1322 D Thurlow Rd, Victoria, BC V8S 1L6"
59170294,"1321 George St, Victoria, BC V8S 1A8"
59170294,"188 Bushby St, Victoria, BC V8S 1B6"
59170202,"1708 Chandler Ave, Victoria, BC V8S 1N6"
59170200,"34 Armine Pl, Victoria, BC V8S 1S7"
59170204,"443 Chadwick Pl, Victoria, BC V8S 1H4"
59170200,"801 Bank St, Victoria, BC V8S 4A8"
59170197,"941 Lawndale Ave, Victoria, BC V8S 4C9"
59170201,"1730 Algoa Pl, Victoria, BC V8S 5J6"
59170201,"1530 Despard Ave, Victoria, BC V8S 1T3"
59170275,"524C St Charles St, Victoria, BC V8S 3N7"
59170275,"711 Robleda Crescent, Victoria, BC V8S 3K6"
59170275,"1329 Minto St, Victoria, BC V8S 1P3"
59170275,"1315 Richardson St, Victoria, BC V8S 1P6"
59170289,"535 Su'it St, Victoria, BC V8V 4C3"
59170198,"1041 Chamberlain St, Victoria, BC V8S 4C1"
59170199,"1750 Rockland Ave, Victoria, BC V8S 1W9"
59170558,"1550 Shasta Pl, Victoria, BC V8S 1X9"
59170557,"1475 Fort St, Victoria, BC V8S 1Z4"
59170557,"905 Pemberton Rd, Victoria, BC V8S 3R5"
59170556,"744 Pemberton Rd, Victoria, BC V8S 3R4"
59170277,"1314 Manor Rd, Victoria, BC V8S 2A2"
59170277,"1310 Rockland Ave, Victoria, BC V8S 1V5"
59170276,"801 Langham Ct, Victoria, BC V8V 4J3"
59170278,"1012 Pentrelew Pl, Victoria, BC V8V 4J4"
59170556,"1002 Carberry Gardens, Victoria, BC V8S 3R7"
59170171,"1404 Harrison St, Victoria, BC V8S 3S2"
59170172,"1436 Elford St, Victoria, BC V8S 3S8"
59170612,"1528 Coldharbour Rd, Victoria, BC V8R 1H5"
59170177,"1530 Belcher Ave, Victoria, BC V8R 4N1"
59170178,"1550 Richmond Ave, Victoria, BC V8R 4P6"
59170180,"1607 Fell St, Victoria, BC V8R 4V9"
59170181,"1605 Redfern St, Victoria, BC V8R 4X3"
59170181,"1732 Amphion St, Victoria, BC V8R 4Z7"
59170180,"1746 Davie St, Victoria, BC V8R 4W6"
59170179,"1827 Chestnut St, Victoria, BC V8R 4N6"
59170600,"1735 Denman St, Victoria, BC V8R 1Y3"
59170601,"1626 Gladstone Ave, Victoria, BC V8R 1S7"
59170601,"2206 Lydia St, Victoria, BC V8R 4K5"
59170601,"2320 Shakespeare St, Victoria, BC V8R 4G3"
59170174,"1434 Grant St, Victoria, BC V8R 1M5"
59170175,"1551 Gladstone Ave, Victoria, BC V8R 1S4"
59170175,"1436 Gladstone Ave, Victoria, BC V8R 1S3"
59170175,"2234 Forbes St, Victoria, BC V8R 4B4"
59170139,"1440 Taunton St, Victoria, BC V8R 1W9"
59170139,"1453 Walnut St, Victoria, BC V8R 1Y7"
59170140,"1337 Gladstone Ave, Victoria, BC V8R 1R9"
59170140,"1325 Denman St, Victoria, BC V8R 1X4"
59170143,"1284D Gladstone Ave, Victoria, BC V8T 1G6"
59170143,"1907 Chambers St, Victoria, BC V8T 3K5"
59170143,"1137 Caledonia Ave, Victoria, BC V8T 1E9"
59170169,"1285 Balmoral Rd, Victoria, BC V8T 1B4"
59170170,"1323 Johnson St, Victoria, BC V8V 3P2"
59170170,"1215 Johnson St, Victoria, BC V8V 3N9"
59170168,"26-1132 Johnson St, Victoria, BC V8V 3N8"
59170170,"1250 Johnson St, Victoria, BC V8V 4L4"
59170168,"1229 Pandora Ave, Victoria, BC V8V 3R3"
59170169,"1230 Balmoral Rd, Victoria, BC V8T 1B3"
59170167,"1607 Rebecca St, Victoria, BC V8T 3N3"
59170598,"1746 Adanac St, Victoria, BC V8R 2C5"
59170224,"1733 Kings Rd, Victoria, BC V8R 2N9"
59170226,"2646 Scott St, Victoria, BC V8R 4H9"
59170137,"2522 Avebury Ave, Victoria, BC V8R 3V9"
59170293,"19 Marlborough St, Victoria, BC V8V 4A5"
59170292,"1125 Faithful St, Victoria, BC V8V 2R5"
59170295,"216 Vancouver St, Victoria, BC V8V 3S8"
59170290,"1017 Oliphant Ave, Victoria, BC V8V 2T9"
59170295,"1025 Sutlej St, Victoria, BC V8V 2V9"
59170286,"1030 Pendergast St, Victoria, BC V8V 2X2"
59170286,"1038 Harling Ln, Victoria, BC V8V 3T6"
59170285,"1027 Collinson St, Victoria, BC V8V 3B9"
59170280,"1138 McClure St, Victoria, BC V8V 3G2"
59170280,"1020 Richardson St, Victoria, BC V8V 3C5"
59170611,"950 Humboldt St, Victoria, BC V8V 2Z8"
59170611,"840 Humboldt St, Victoria, BC V8V 5B1"
59170282,"929 Burdett Ave, Victoria, BC V8V 3G6"
59170281,"1019 Rockland Ave, Victoria, BC V8V 3H6"
59170279,"1144 Rockland Ave, Victoria, BC V8V 3H7"
59170165,"1144 View St, Victoria, BC V8V 3M1"
59170164,"1030 Yates St, Victoria, BC V8V 5A7"
59170163,"930 Yates St, Victoria, BC V8V 4Z3"
59170162,"1565 Vancouver St, Victoria, BC V8V 0C8"
59170162,"1028 Balmoral Rd, Victoria, BC V8T 1A8"
59170144,"1022 N Park St, Victoria, BC V8T 1C6"
59170144,"1034 Princess Ave, Victoria, BC V8T 1L1"
59170142,"1150 Queens Ave, Victoria, BC V8T 1M9"
59170141,"2412 Cedar Hill Rd, Victoria, BC V8T 3G7"
59170142,"1224 Princess Ave, Victoria, BC V8T 1L5"
59170141,"1270 Denman St, Victoria, BC V8T 1L8"
59170313,"46 Pilot St, Victoria, BC V8V 2A4"
59170303,"416 Luxton Ave, Victoria, BC V8V 1C9"
59170302,"548 Dallas Rd, Victoria, BC V8V 1B3"
59170302,"40 Government St, Victoria, BC V8V 2K3"
59170301,"540 Rithet St, Victoria, BC V8V 1E2"
59170554,"29 Paddon Ave, Victoria, BC V8V 2M6"
59170555,"647 Niagara St, Victoria, BC V8V 1J1"
59170555,"671 Beacon St, Victoria, BC V8V 1K1"
59170300,"136 S Turner St, Victoria, BC V8V 2J8"
59170304,"132 Menzies St, Victoria, BC V8V 2G5"
59170305,"345 St James St, Victoria, BC V8V 1J7"
59170610,"440 Simcoe St, Victoria, BC V8V 1L3"
59170308,"443 Superior St, Victoria, BC V8V 4S7"
59170299,"575 Marifield Ave, Victoria, BC V8V 1N3"
59170299,"215 Government St, Victoria, BC V8V 2K8"
59170296,"235 St Andrews St, Victoria, BC V8V 2N1"
59170296,"620 Avalon Rd, Victoria, BC V8V 1N7"
59170298,"431 Powell St, Victoria, BC V8V 2J3"
59170298,"617 Government St, Victoria, BC V8V 1X6"
59170378,"707 Esquimalt Rd, Victoria, BC V9A 3L7"
59170378,"230 Robert St, Victoria, BC V9A 3Z2"
59170820,"310 Robert St, Victoria, BC V9A 3Z4"
59170816,"542 Northcott Ave, Victoria, BC V9A 2V4"
59170816,"1116 Catherine St, Victoria, BC V9A 3V7"
59170390,"21 Lotus St, Victoria, BC V9A 1P3"
59170389,"21 Gorge Rd E, Victoria, BC V9A 1K7"
59170390,"141 Gorge Rd E, Victoria, BC V9A 6Z3"
59170387,"3052D Washington Ave, Victoria, BC V9A 1P6"
59170817,"787 Tyee Rd #309, Victoria, BC V9A 7R5"
59170819,"70 Saghalie Rd, Victoria, BC V9A 0B8"
59170722,"19-103 Wilson St, Victoria, BC V9A 6X1"
59170723,"103 Tyee Rd, Victoria, BC"
59170225,"1651 Pearl St, Victoria, BC V8R 2Z2"
59170227,"1543 Pearl St, Victoria, BC V8R 2Y8"
59170228,"1435 Myrtle Ave, Victoria, BC V8R 2Z5"
59170135,"1251 Acton St, Victoria, BC V8T 1Y1"
59170134,"2750 Mt. Stephen Ave, Victoria, BC V8T 2B3"
59170156,"1250 Vista Heights, Victoria, BC V8T 2H8"
59170156,"1345 Topaz Ave, Victoria, BC V8T 4Z2"
59170132,"2933 Cedar Hill Rd, Victoria, BC V8T 3H8"
59170132,"1444 Edgeware Rd, Victoria, BC V8T 2J5"
59170133,"1443 Westall Ave, Victoria, BC V8T 2G4"
59170133,"1360 Hillside Ave, Victoria, BC V8T 2B5"
59170227,"1546 Westall Ave, Victoria, BC V8T 2G7"
59170229,"1637 Burton Ave, Victoria, BC V8T 2N5"
59170131,"1545 Burton Ave, Victoria, BC V8T 2N3"
59170131,"2930 Gosworth Rd, Victoria, BC V8T 3C7"
59170130,"1422 Lang St, Victoria, BC V8T 2S7"
59170130,"1440 Lang St, Victoria, BC V8T 2S7"
59170128,"1345 Lang St, Victoria, BC V8T 2S4"
59170128,"1120 Finlayson St, Victoria, BC V8T 2T9"
59170129,"3147 Mars St, Victoria, BC V8X 1B9"
59170126,"3148 Fifth St, Victoria, BC V8X 1E7"
59170127,"3037 Josette Pl, Victoria, BC V8T 4Z9"
59170127,"3000 Quadra St, Victoria, BC V8T 4G3"
59170127,"3118 Rutledge St, Victoria, BC V8X 1N2"
59170126,"847 Villance St, Victoria, BC V8X 2P5"
59170151,"932 Market St, Victoria, BC V8T 2E9"
59170152,"272 Fifth St, Victoria, BC V8T 4E8"
59170152,"2735 Fifth St, Victoria, BC V8T 4B1"
59170153,"2648 Graham St, Victoria, BC V8T 3Y9"
59170146,"2555 Vancouver St, Victoria, BC V8T 4A6"
59170145,"2323 Vancouver St, Victoria, BC V8T 4A2"
59170383,"2975 Jutland Rd 1st Flr, Victoria, BC V8T 5J9"
59170383,"David St, Victoria, BC V8T 2C6"
59170383,"2519 Rock Bay Ave, Victoria, BC V8T 4R7"
59170386,"254 Gorge Rd E, Victoria, BC V9A 6W4"
59170386,"491 Cecelia Rd, Victoria, BC V8T 4T4"
59170385,"3121 Steele St, Victoria, BC V8Z 3N7"
59170385,"550 Sumas St, Victoria, BC V8T 4S3"
59170384,"610 Dunedin St, Victoria, BC V8T 2L8"
59170150,"723 Field St, Victoria, BC V8T 1N7"
59170149,"2620 Dowler Pl, Victoria, BC V8T 4H8"
59170149,"955 Hillside Ave, Victoria, BC V8T 1Z9"
59170148,"2533 Dowler Pl, Victoria, BC V8T 4H7"
59170148,"2317 Dowler Pl, Victoria, BC V8T 4H5"
59170148,"2501 Dowler Pl, Victoria, BC V8T 4H7"
59170806,"827 Princess Ave, Victoria, BC V8T 1K7"
59170808,"933 Pembroke St, Victoria, BC V8T 1J1"
59170143,"935 Caledonia Ave, Victoria, BC V8T 1E7"
59170814,"755 Humboldt St, Victoria, BC V8W 1B1"
59170814,"850 Blanshard St, Victoria, BC V8W 2H2"